[{"model": "contenttypes.contenttype", "pk": 1, "fields": {"app_label": "admin", "model": "logentry"}}, {"model": "contenttypes.contenttype", "pk": 2, "fields": {"app_label": "auth", "model": "permission"}}, {"model": "contenttypes.contenttype", "pk": 3, "fields": {"app_label": "auth", "model": "group"}}, {"model": "contenttypes.contenttype", "pk": 4, "fields": {"app_label": "contenttypes", "model": "contenttype"}}, {"model": "contenttypes.contenttype", "pk": 5, "fields": {"app_label": "sessions", "model": "session"}}, {"model": "contenttypes.contenttype", "pk": 6, "fields": {"app_label": "dating_app", "model": "profile"}}, {"model": "contenttypes.contenttype", "pk": 7, "fields": {"app_label": "dating_app", "model": "instantmessage"}}, {"model": "contenttypes.contenttype", "pk": 8, "fields": {"app_label": "dating_app", "model": "uservote"}}, {"model": "contenttypes.contenttype", "pk": 9, "fields": {"app_label": "dating_app", "model": "conversation"}}, {"model": "sessions.session", "pk": "0a5468tp5u3jchp01xku3kwtdhlrthea", "fields": {"session_data": "ZTczZmJmYWY1NjZlMDM4ZmRiYTZkN2U5MzU4YWM3ZmQ5Zjg4ZjVjYzp7Il9hdXRoX3VzZXJfaWQiOiIxIiwiX2F1dGhfdXNlcl9iYWNrZW5kIjoiZGphbmdvLmNvbnRyaWIuYXV0aC5iYWNrZW5kcy5Nb2RlbEJhY2tlbmQiLCJfYXV0aF91c2VyX2hhc2giOiIxMDVmNmYzOTNiNDE0MDgyNzY2OGJlZjMxMTA0MTFjMjMzMjQ4MjE3In0=", "expire_date": "2020-05-26T02:35:27.078Z"}}, {"model": "sessions.session", "pk": "xfxcjr0wdpf4zhk3la8q317ux7vhdl2m", "fields": {"session_data": "ZTczZmJmYWY1NjZlMDM4ZmRiYTZkN2U5MzU4YWM3ZmQ5Zjg4ZjVjYzp7Il9hdXRoX3VzZXJfaWQiOiIxIiwiX2F1dGhfdXNlcl9iYWNrZW5kIjoiZGphbmdvLmNvbnRyaWIuYXV0aC5iYWNrZW5kcy5Nb2RlbEJhY2tlbmQiLCJfYXV0aF91c2VyX2hhc2giOiIxMDVmNmYzOTNiNDE0MDgyNzY2OGJlZjMxMTA0MTFjMjMzMjQ4MjE3In0=", "expire_date": "2020-06-19T21:08:29.502Z"}}, {"model": "sessions.session", "pk": "ygh4bmg7rhjh5dt1y2sq0e0aynjtosd7", "fields": {"session_data": "ZTczZmJmYWY1NjZlMDM4ZmRiYTZkN2U5MzU4YWM3ZmQ5Zjg4ZjVjYzp7Il9hdXRoX3VzZXJfaWQiOiIxIiwiX2F1dGhfdXNlcl9iYWNrZW5kIjoiZGphbmdvLmNvbnRyaWIuYXV0aC5iYWNrZW5kcy5Nb2RlbEJhY2tlbmQiLCJfYXV0aF91c2VyX2hhc2giOiIxMDVmNmYzOTNiNDE0MDgyNzY2OGJlZjMxMTA0MTFjMjMzMjQ4MjE3In0=", "expire_date": "2020-07-10T20:38:42.992Z"}}, {"model": "sessions.session", "pk": "z5cqmgo3p1m6yrreayy9xtls7fj5p7zb", "fields": {"session_data": "ZTczZmJmYWY1NjZlMDM4ZmRiYTZkN2U5MzU4YWM3ZmQ5Zjg4ZjVjYzp7Il9hdXRoX3VzZXJfaWQiOiIxIiwiX2F1dGhfdXNlcl9iYWNrZW5kIjoiZGphbmdvLmNvbnRyaWIuYXV0aC5iYWNrZW5kcy5Nb2RlbEJhY2tlbmQiLCJfYXV0aF91c2VyX2hhc2giOiIxMDVmNmYzOTNiNDE0MDgyNzY2OGJlZjMxMTA0MTFjMjMzMjQ4MjE3In0=", "expire_date": "2020-07-01T22:00:47.870Z"}}, {"model": "dating_app.profile", "pk": 1, "fields": {"password": "pbkdf2_sha256$150000$UryYd3JFb4t3$Y1SydQDPxEJjjE4BoGHj8FicoA5MpvBXE3DisCcxoho=", "email": "ljfl@yahoo.com", "username": "papichulo", "date_joined": "2020-04-26T20:07:50.948Z", "last_login": "2020-07-02T22:08:30.343Z", "is_admin": true, "is_active": true, "is_staff": true, "is_superuser": true, "description": "new edit", "photo": "profile_photo/15068529_1712376002424267_7979386873012941014_o_cUNxoEo.jpg", "matches": [2, 3, 5, 6, 7, 8, 9, 11, 14, 15, 16]}}, {"model": "dating_app.profile", "pk": 2, "fields": {"password": "pbkdf2_sha256$150000$dTRKwPmkQsaW$FCHudTEUN9Wdtioumr8KdDJRUeYjPfvf7go61Tl2d4o=", "email": "lkjdfl@yahoo.com", "username": "test1", "date_joined": "2020-04-26T20:08:26.749Z", "last_login": "2020-05-21T17:40:41.115Z", "is_admin": false, "is_active": true, "is_staff": false, "is_superuser": false, "description": "lkdsjflsj", "photo": "profile_photo/84336411_215836436266881_5743083463285387453_n.jpg", "matches": [1]}}, {"model": "dating_app.profile", "pk": 3, "fields": {"password": "pbkdf2_sha256$150000$mXgjPGB7ITpL$1N8yJMn8jCEUqESGuG+IjD33mw22Kv006ov7GqoiJyc=", "email": "kldjf@yahoo.com", "username": "test2", "date_joined": "2020-04-26T20:08:42.232Z", "last_login": "2020-05-21T17:39:09.652Z", "is_admin": false, "is_active": true, "is_staff": false, "is_superuser": false, "description": "lkdjdfslkj", "photo": "profile_photo/4afbb11595d135ececa062234618ac30_width-600_MkeeX5H.jpg", "matches": [1]}}, {"model": "dating_app.profile", "pk": 4, "fields": {"password": "pbkdf2_sha256$150000$iskivRPaaUpw$t7ElVz4FPuTgHNQoC3ISwgx0btnF9KVLipOSHyThEmo=", "email": "lkdsjf@yahoo.com", "username": "test3", "date_joined": "2020-04-26T20:08:55.860Z", "last_login": "2020-05-21T17:43:40.491Z", "is_admin": false, "is_active": true, "is_staff": false, "is_superuser": false, "description": "ksdjlkjfl", "photo": "profile_photo/1560962877_s5j28jll8g.jpg", "matches": []}}, {"model": "dating_app.profile", "pk": 5, "fields": {"password": "pbkdf2_sha256$150000$pZDxjpZkgEQT$lcF32GMRjmaEE3iZxH1bVGmx3cglhuYyYJKWxBIu9Qs=", "email": "ldksjdfkl@yahoo.com", "username": "test4", "date_joined": "2020-04-26T20:09:09.902Z", "last_login": "2020-05-21T17:46:57.882Z", "is_admin": false, "is_active": true, "is_staff": false, "is_superuser": false, "description": "lkdjl", "photo": "profile_photo/Beautiful-face-and-hairstyle-cute-girl_zmK0YyB.jpg", "matches": [1]}}, {"model": "dating_app.profile", "pk": 6, "fields": {"password": "pbkdf2_sha256$150000$YQsobDzuwHoU$3MYGJlm/05fbydPKZ8Fx4llH2wt1fGHlvh2EHEl0ak0=", "email": "lkdjlsf@yahoo.com", "username": "test5", "date_joined": "2020-04-26T20:09:28.116Z", "last_login": "2020-05-21T17:48:22.693Z", "is_admin": false, "is_active": true, "is_staff": false, "is_superuser": false, "description": "dlskjflk", "photo": "profile_photo/Cute_girls-148.jpg", "matches": [1]}}, {"model": "dating_app.profile", "pk": 7, "fields": {"password": "pbkdf2_sha256$150000$kmOuKKQg82YX$ewu5/LygQ31Bcan6KIc+FVOR5ylj83wqz/XqvkQFKCw=", "email": "kljfsklsf@yahoo.com", "username": "test6", "date_joined": "2020-04-26T20:38:10.971Z", "last_login": "2020-07-02T19:59:04.595Z", "is_admin": false, "is_active": true, "is_staff": false, "is_superuser": false, "description": "lksdjlfj", "photo": "profile_photo/selfies-with-cute-girls-30.jpg", "matches": [1]}}, {"model": "dating_app.profile", "pk": 8, "fields": {"password": "lioncourt", "email": "fkfhl@yahoo.com", "username": "profile7", "date_joined": "2020-05-20T21:46:26.396Z", "last_login": "2020-05-21T17:51:47.246Z", "is_admin": false, "is_active": true, "is_staff": false, "is_superuser": false, "description": "sddfasfsaa", "photo": "profile_photo/cute-girls-with-curly-hair-3.jpg", "matches": [1]}}, {"model": "dating_app.profile", "pk": 9, "fields": {"password": "lioncourt", "email": "lskdjhf@yahoo.com", "username": "profile8", "date_joined": "2020-05-20T21:46:46.166Z", "last_login": "2020-05-21T17:55:53.196Z", "is_admin": false, "is_active": true, "is_staff": false, "is_superuser": false, "description": "sdlkfklhjsd", "photo": "profile_photo/e6d0dfadc9085c6d18106b2428c6036f_LnTLguA.jpg", "matches": [1]}}, {"model": "dating_app.profile", "pk": 10, "fields": {"password": "lioncourt", "email": "slkdhfkl@yahoo.com", "username": "profile9", "date_joined": "2020-05-20T21:47:08.274Z", "last_login": "2020-07-02T17:49:15.898Z", "is_admin": false, "is_active": true, "is_staff": false, "is_superuser": false, "description": "lskddfjldsk", "photo": "profile_photo/unnamed_q5QbIa4.jpg", "matches": []}}, {"model": "dating_app.profile", "pk": 11, "fields": {"password": "lioncourt", "email": "kldkdfjs@yahoo.com", "username": "profile10", "date_joined": "2020-05-20T21:47:39.307Z", "last_login": "2020-05-21T18:01:04.445Z", "is_admin": false, "is_active": true, "is_staff": false, "is_superuser": false, "description": "xcsdfsda", "photo": "profile_photo/selfies-with-cute-girls-31.jpg", "matches": [1]}}, {"model": "dating_app.profile", "pk": 12, "fields": {"password": "lioncourt", "email": "jsldkjdf@yahoo.com", "username": "profile11", "date_joined": "2020-05-20T21:48:00.551Z", "last_login": "2020-05-21T18:08:39.181Z", "is_admin": false, "is_active": true, "is_staff": false, "is_superuser": false, "description": "ldksfj", "photo": "profile_photo/c602f0e5532a0071e102f50bbf89e9c1_1vYEc0X.jpg", "matches": []}}, {"model": "dating_app.profile", "pk": 13, "fields": {"password": "lioncourt", "email": "ldksdfj@yahoo.com", "username": "profile12", "date_joined": "2020-05-20T21:48:23.537Z", "last_login": "2020-05-22T15:32:06.564Z", "is_admin": false, "is_active": true, "is_staff": false, "is_superuser": false, "description": "lskdjdfkljsdf", "photo": "profile_photo/Ccu8ZpQXIAIA1fB_4uns9BV.jpg", "matches": []}}, {"model": "dating_app.profile", "pk": 14, "fields": {"password": "lioncourt", "email": "dslkjfj@yahoo.com", "username": "profile13", "date_joined": "2020-05-20T21:48:52.201Z", "last_login": "2020-05-21T18:18:59.169Z", "is_admin": false, "is_active": true, "is_staff": false, "is_superuser": false, "description": "sdkljfljksd", "photo": "profile_photo/IMG_0136_cDMoZFD.jpeg", "matches": [1]}}, {"model": "dating_app.profile", "pk": 15, "fields": {"password": "lioncourt", "email": "sdlkjdfklfhj@yahoo.com", "username": "profile14", "date_joined": "2020-05-20T21:49:21.946Z", "last_login": "2020-05-21T18:20:41.573Z", "is_admin": false, "is_active": true, "is_staff": false, "is_superuser": false, "description": "ldksjkjjf", "photo": "profile_photo/IMG_0569.jpeg", "matches": [1]}}, {"model": "dating_app.profile", "pk": 16, "fields": {"password": "lioncourt", "email": "sdlkjldfsj@yahoo.com", "username": "profile15", "date_joined": "2020-05-20T21:49:37.762Z", "last_login": "2020-05-21T18:22:07.681Z", "is_admin": false, "is_active": true, "is_staff": false, "is_superuser": false, "description": "dslkjlfs", "photo": "profile_photo/IMG_4857.jpg", "matches": [1]}}, {"model": "dating_app.conversation", "pk": 1, "fields": {"members": [1, 2]}}, {"model": "dating_app.conversation", "pk": 2, "fields": {"members": [2, 3]}}, {"model": "dating_app.conversation", "pk": 3, "fields": {"members": [4, 5]}}, {"model": "dating_app.conversation", "pk": 4, "fields": {"members": [1, 5]}}, {"model": "dating_app.uservote", "pk": 16, "fields": {"user": 1, "voter": 2, "vote": true}}, {"model": "dating_app.uservote", "pk": 26, "fields": {"user": 1, "voter": 7, "vote": true}}, {"model": "dating_app.uservote", "pk": 29, "fields": {"user": 4, "voter": 1, "vote": true}}, {"model": "dating_app.uservote", "pk": 30, "fields": {"user": 1, "voter": 6, "vote": true}}, {"model": "dating_app.uservote", "pk": 78, "fields": {"user": 1, "voter": 4, "vote": true}}, {"model": "dating_app.uservote", "pk": 106, "fields": {"user": 1, "voter": 5, "vote": true}}, {"model": "dating_app.uservote", "pk": 126, "fields": {"user": 5, "voter": 1, "vote": true}}, {"model": "dating_app.uservote", "pk": 127, "fields": {"user": 2, "voter": 1, "vote": true}}, {"model": "dating_app.uservote", "pk": 128, "fields": {"user": 12, "voter": 1, "vote": true}}, {"model": "dating_app.uservote", "pk": 129, "fields": {"user": 3, "voter": 1, "vote": true}}, {"model": "dating_app.uservote", "pk": 130, "fields": {"user": 6, "voter": 1, "vote": false}}, {"model": "dating_app.uservote", "pk": 131, "fields": {"user": 1, "voter": 9, "vote": true}}, {"model": "dating_app.uservote", "pk": 132, "fields": {"user": 13, "voter": 1, "vote": true}}, {"model": "dating_app.uservote", "pk": 133, "fields": {"user": 9, "voter": 1, "vote": true}}, {"model": "dating_app.uservote", "pk": 136, "fields": {"user": 1, "voter": 11, "vote": false}}, {"model": "dating_app.uservote", "pk": 137, "fields": {"user": 11, "voter": 1, "vote": true}}, {"model": "dating_app.uservote", "pk": 138, "fields": {"user": 1, "voter": 8, "vote": true}}, {"model": "dating_app.uservote", "pk": 139, "fields": {"user": 8, "voter": 1, "vote": true}}, {"model": "dating_app.uservote", "pk": 140, "fields": {"user": 1, "voter": 14, "vote": true}}, {"model": "dating_app.uservote", "pk": 141, "fields": {"user": 14, "voter": 1, "vote": true}}, {"model": "dating_app.uservote", "pk": 142, "fields": {"user": 1, "voter": 15, "vote": true}}, {"model": "dating_app.uservote", "pk": 143, "fields": {"user": 15, "voter": 1, "vote": true}}, {"model": "dating_app.uservote", "pk": 144, "fields": {"user": 1, "voter": 16, "vote": true}}, {"model": "dating_app.uservote", "pk": 145, "fields": {"user": 16, "voter": 1, "vote": true}}, {"model": "dating_app.instantmessage", "pk": 12, "fields": {"sender": 1, "receiver": 2, "conversation": 1, "message": "addsfa", "date": "2020-05-03T20:12:33Z", "viewed": true}}, {"model": "dating_app.instantmessage", "pk": 13, "fields": {"sender": 1, "receiver": 2, "conversation": 1, "message": "daadff", "date": "2020-05-03T20:13:27.932Z", "viewed": true}}, {"model": "dating_app.instantmessage", "pk": 14, "fields": {"sender": 1, "receiver": 2, "conversation": 1, "message": "asdfs", "date": "2020-05-03T20:13:57Z", "viewed": true}}, {"model": "dating_app.instantmessage", "pk": 15, "fields": {"sender": 2, "receiver": 1, "conversation": 1, "message": "sdfd", "date": "2020-05-03T20:13:57Z", "viewed": true}}, {"model": "dating_app.instantmessage", "pk": 16, "fields": {"sender": 1, "receiver": 2, "conversation": 1, "message": "new", "date": "2020-05-03T20:13:57.474Z", "viewed": true}}, {"model": "dating_app.instantmessage", "pk": 17, "fields": {"sender": 2, "receiver": 1, "conversation": 1, "message": "pdf", "date": "2020-05-03T20:13:57Z", "viewed": true}}, {"model": "dating_app.instantmessage", "pk": 18, "fields": {"sender": 2, "receiver": 1, "conversation": 1, "message": "sdds", "date": "2020-05-06T03:08:17Z", "viewed": true}}, {"model": "dating_app.instantmessage", "pk": 19, "fields": {"sender": 2, "receiver": 3, "conversation": 2, "message": "liadhlsdi", "date": "2020-05-07T17:39:18Z", "viewed": false}}, {"model": "dating_app.instantmessage", "pk": 20, "fields": {"sender": 4, "receiver": 5, "conversation": 3, "message": "sdfsdfw", "date": "2020-05-07T17:39:18Z", "viewed": false}}, {"model": "dating_app.instantmessage", "pk": 21, "fields": {"sender": 1, "receiver": 2, "conversation": 1, "message": "new", "date": "2020-05-08T18:19:47.715Z", "viewed": false}}, {"model": "dating_app.instantmessage", "pk": 22, "fields": {"sender": 1, "receiver": 2, "conversation": 1, "message": "dssdfsd", "date": "2020-05-11T00:39:49.814Z", "viewed": false}}, {"model": "dating_app.instantmessage", "pk": 23, "fields": {"sender": 1, "receiver": 2, "conversation": 1, "message": "sdfsdd", "date": "2020-05-11T00:46:24.364Z", "viewed": false}}, {"model": "dating_app.instantmessage", "pk": 24, "fields": {"sender": 2, "receiver": 1, "conversation": 1, "message": "sddfsd", "date": "2020-05-11T01:05:16Z", "viewed": true}}, {"model": "dating_app.instantmessage", "pk": 25, "fields": {"sender": 1, "receiver": 5, "conversation": 4, "message": "dsfgfgf", "date": "2020-05-20T23:20:57.694Z", "viewed": false}}, {"model": "dating_app.instantmessage", "pk": 26, "fields": {"sender": 5, "receiver": 1, "conversation": 4, "message": "sdfsddfd", "date": "2020-06-05T02:52:01Z", "viewed": true}}, {"model": "dating_app.instantmessage", "pk": 27, "fields": {"sender": 5, "receiver": 1, "conversation": 4, "message": "fsdsfdfddf", "date": "2020-06-05T02:52:43Z", "viewed": true}}, {"model": "dating_app.instantmessage", "pk": 28, "fields": {"sender": 1, "receiver": 5, "conversation": 4, "message": "fsdfsdfd", "date": "2020-06-05T02:53:57Z", "viewed": false}}, {"model": "dating_app.instantmessage", "pk": 29, "fields": {"sender": 2, "receiver": 1, "conversation": 1, "message": "adsdasda", "date": "2020-07-01T23:11:33Z", "viewed": false}}, {"model": "auth.permission", "pk": 1, "fields": {"name": "Can add log entry", "content_type": 1, "codename": "add_logentry"}}, {"model": "auth.permission", "pk": 2, "fields": {"name": "Can change log entry", "content_type": 1, "codename": "change_logentry"}}, {"model": "auth.permission", "pk": 3, "fields": {"name": "Can delete log entry", "content_type": 1, "codename": "delete_logentry"}}, {"model": "auth.permission", "pk": 4, "fields": {"name": "Can view log entry", "content_type": 1, "codename": "view_logentry"}}, {"model": "auth.permission", "pk": 5, "fields": {"name": "Can add permission", "content_type": 2, "codename": "add_permission"}}, {"model": "auth.permission", "pk": 6, "fields": {"name": "Can change permission", "content_type": 2, "codename": "change_permission"}}, {"model": "auth.permission", "pk": 7, "fields": {"name": "Can delete permission", "content_type": 2, "codename": "delete_permission"}}, {"model": "auth.permission", "pk": 8, "fields": {"name": "Can view permission", "content_type": 2, "codename": "view_permission"}}, {"model": "auth.permission", "pk": 9, "fields": {"name": "Can add group", "content_type": 3, "codename": "add_group"}}, {"model": "auth.permission", "pk": 10, "fields": {"name": "Can change group", "content_type": 3, "codename": "change_group"}}, {"model": "auth.permission", "pk": 11, "fields": {"name": "Can delete group", "content_type": 3, "codename": "delete_group"}}, {"model": "auth.permission", "pk": 12, "fields": {"name": "Can view group", "content_type": 3, "codename": "view_group"}}, {"model": "auth.permission", "pk": 13, "fields": {"name": "Can add content type", "content_type": 4, "codename": "add_contenttype"}}, {"model": "auth.permission", "pk": 14, "fields": {"name": "Can change content type", "content_type": 4, "codename": "change_contenttype"}}, {"model": "auth.permission", "pk": 15, "fields": {"name": "Can delete content type", "content_type": 4, "codename": "delete_contenttype"}}, {"model": "auth.permission", "pk": 16, "fields": {"name": "Can view content type", "content_type": 4, "codename": "view_contenttype"}}, {"model": "auth.permission", "pk": 17, "fields": {"name": "Can add session", "content_type": 5, "codename": "add_session"}}, {"model": "auth.permission", "pk": 18, "fields": {"name": "Can change session", "content_type": 5, "codename": "change_session"}}, {"model": "auth.permission", "pk": 19, "fields": {"name": "Can delete session", "content_type": 5, "codename": "delete_session"}}, {"model": "auth.permission", "pk": 20, "fields": {"name": "Can view session", "content_type": 5, "codename": "view_session"}}, {"model": "auth.permission", "pk": 21, "fields": {"name": "Can add profile", "content_type": 6, "codename": "add_profile"}}, {"model": "auth.permission", "pk": 22, "fields": {"name": "Can change profile", "content_type": 6, "codename": "change_profile"}}, {"model": "auth.permission", "pk": 23, "fields": {"name": "Can delete profile", "content_type": 6, "codename": "delete_profile"}}, {"model": "auth.permission", "pk": 24, "fields": {"name": "Can view profile", "content_type": 6, "codename": "view_profile"}}, {"model": "auth.permission", "pk": 25, "fields": {"name": "Can add instant message", "content_type": 7, "codename": "add_instantmessage"}}, {"model": "auth.permission", "pk": 26, "fields": {"name": "Can change instant message", "content_type": 7, "codename": "change_instantmessage"}}, {"model": "auth.permission", "pk": 27, "fields": {"name": "Can delete instant message", "content_type": 7, "codename": "delete_instantmessage"}}, {"model": "auth.permission", "pk": 28, "fields": {"name": "Can view instant message", "content_type": 7, "codename": "view_instantmessage"}}, {"model": "auth.permission", "pk": 29, "fields": {"name": "Can add user vote", "content_type": 8, "codename": "add_uservote"}}, {"model": "auth.permission", "pk": 30, "fields": {"name": "Can change user vote", "content_type": 8, "codename": "change_uservote"}}, {"model": "auth.permission", "pk": 31, "fields": {"name": "Can delete user vote", "content_type": 8, "codename": "delete_uservote"}}, {"model": "auth.permission", "pk": 32, "fields": {"name": "Can view user vote", "content_type": 8, "codename": "view_uservote"}}, {"model": "auth.permission", "pk": 33, "fields": {"name": "Can add conversation", "content_type": 9, "codename": "add_conversation"}}, {"model": "auth.permission", "pk": 34, "fields": {"name": "Can change conversation", "content_type": 9, "codename": "change_conversation"}}, {"model": "auth.permission", "pk": 35, "fields": {"name": "Can delete conversation", "content_type": 9, "codename": "delete_conversation"}}, {"model": "auth.permission", "pk": 36, "fields": {"name": "Can view conversation", "content_type": 9, "codename": "view_conversation"}}, {"model": "admin.logentry", "pk": 1, "fields": {"action_time": "2020-04-27T18:57:43.880Z", "user": 1, "content_type": 7, "object_id": "2", "object_repr": "InstantMessage object (2)", "action_flag": 2, "change_message": "[]"}}, {"model": "admin.logentry", "pk": 2, "fields": {"action_time": "2020-04-27T19:31:48.685Z", "user": 1, "content_type": 7, "object_id": "8", "object_repr": "InstantMessage object (8)", "action_flag": 2, "change_message": "[{\"changed\": {\"fields\": [\"viewed\"]}}]"}}, {"model": "admin.logentry", "pk": 3, "fields": {"action_time": "2020-04-27T19:31:53.564Z", "user": 1, "content_type": 7, "object_id": "7", "object_repr": "InstantMessage object (7)", "action_flag": 2, "change_message": "[{\"changed\": {\"fields\": [\"viewed\"]}}]"}}, {"model": "admin.logentry", "pk": 4, "fields": {"action_time": "2020-04-27T19:31:57.894Z", "user": 1, "content_type": 7, "object_id": "6", "object_repr": "InstantMessage object (6)", "action_flag": 2, "change_message": "[{\"changed\": {\"fields\": [\"viewed\"]}}]"}}, {"model": "admin.logentry", "pk": 5, "fields": {"action_time": "2020-04-27T19:32:01.329Z", "user": 1, "content_type": 7, "object_id": "5", "object_repr": "InstantMessage object (5)", "action_flag": 2, "change_message": "[{\"changed\": {\"fields\": [\"viewed\"]}}]"}}, {"model": "admin.logentry", "pk": 6, "fields": {"action_time": "2020-04-27T19:32:04.568Z", "user": 1, "content_type": 7, "object_id": "4", "object_repr": "InstantMessage object (4)", "action_flag": 2, "change_message": "[{\"changed\": {\"fields\": [\"viewed\"]}}]"}}, {"model": "admin.logentry", "pk": 7, "fields": {"action_time": "2020-04-27T19:32:08.563Z", "user": 1, "content_type": 7, "object_id": "3", "object_repr": "InstantMessage object (3)", "action_flag": 2, "change_message": "[{\"changed\": {\"fields\": [\"viewed\"]}}]"}}, {"model": "admin.logentry", "pk": 8, "fields": {"action_time": "2020-04-27T19:32:12.081Z", "user": 1, "content_type": 7, "object_id": "2", "object_repr": "InstantMessage object (2)", "action_flag": 2, "change_message": "[{\"changed\": {\"fields\": [\"viewed\"]}}]"}}, {"model": "admin.logentry", "pk": 9, "fields": {"action_time": "2020-04-27T19:32:18.255Z", "user": 1, "content_type": 7, "object_id": "1", "object_repr": "InstantMessage object (1)", "action_flag": 2, "change_message": "[{\"changed\": {\"fields\": [\"viewed\"]}}]"}}, {"model": "admin.logentry", "pk": 10, "fields": {"action_time": "2020-04-27T19:35:48.109Z", "user": 1, "content_type": 7, "object_id": "8", "object_repr": "InstantMessage object (8)", "action_flag": 2, "change_message": "[{\"changed\": {\"fields\": [\"viewed\"]}}]"}}, {"model": "admin.logentry", "pk": 11, "fields": {"action_time": "2020-04-27T19:36:16.904Z", "user": 1, "content_type": 7, "object_id": "8", "object_repr": "InstantMessage object (8)", "action_flag": 2, "change_message": "[{\"changed\": {\"fields\": [\"viewed\"]}}]"}}, {"model": "admin.logentry", "pk": 12, "fields": {"action_time": "2020-04-27T19:37:40.231Z", "user": 1, "content_type": 7, "object_id": "8", "object_repr": "InstantMessage object (8)", "action_flag": 2, "change_message": "[]"}}, {"model": "admin.logentry", "pk": 13, "fields": {"action_time": "2020-04-27T19:37:44.081Z", "user": 1, "content_type": 7, "object_id": "8", "object_repr": "InstantMessage object (8)", "action_flag": 2, "change_message": "[{\"changed\": {\"fields\": [\"viewed\"]}}]"}}, {"model": "admin.logentry", "pk": 14, "fields": {"action_time": "2020-04-27T19:43:45.472Z", "user": 1, "content_type": 7, "object_id": "8", "object_repr": "InstantMessage object (8)", "action_flag": 2, "change_message": "[]"}}, {"model": "admin.logentry", "pk": 15, "fields": {"action_time": "2020-04-27T19:43:59.469Z", "user": 1, "content_type": 7, "object_id": "9", "object_repr": "InstantMessage object (9)", "action_flag": 1, "change_message": "[{\"added\": {}}]"}}, {"model": "admin.logentry", "pk": 16, "fields": {"action_time": "2020-04-28T21:05:02.110Z", "user": 1, "content_type": 7, "object_id": "10", "object_repr": "InstantMessage object (10)", "action_flag": 1, "change_message": "[{\"added\": {}}]"}}, {"model": "admin.logentry", "pk": 17, "fields": {"action_time": "2020-04-28T21:05:11.231Z", "user": 1, "content_type": 7, "object_id": "10", "object_repr": "InstantMessage object (10)", "action_flag": 2, "change_message": "[]"}}, {"model": "admin.logentry", "pk": 18, "fields": {"action_time": "2020-04-28T21:05:55.687Z", "user": 1, "content_type": 7, "object_id": "11", "object_repr": "InstantMessage object (11)", "action_flag": 1, "change_message": "[{\"added\": {}}]"}}, {"model": "admin.logentry", "pk": 19, "fields": {"action_time": "2020-04-28T21:06:11.043Z", "user": 1, "content_type": 7, "object_id": "11", "object_repr": "InstantMessage object (11)", "action_flag": 2, "change_message": "[{\"changed\": {\"fields\": [\"viewed\"]}}]"}}, {"model": "admin.logentry", "pk": 20, "fields": {"action_time": "2020-05-03T19:36:39.092Z", "user": 1, "content_type": 7, "object_id": "11", "object_repr": "InstantMessage object (11)", "action_flag": 2, "change_message": "[{\"changed\": {\"fields\": [\"viewed\"]}}]"}}, {"model": "admin.logentry", "pk": 21, "fields": {"action_time": "2020-05-03T20:11:48.270Z", "user": 1, "content_type": 7, "object_id": "11", "object_repr": "InstantMessage object (11)", "action_flag": 3, "change_message": ""}}, {"model": "admin.logentry", "pk": 22, "fields": {"action_time": "2020-05-03T20:11:48.277Z", "user": 1, "content_type": 7, "object_id": "10", "object_repr": "InstantMessage object (10)", "action_flag": 3, "change_message": ""}}, {"model": "admin.logentry", "pk": 23, "fields": {"action_time": "2020-05-03T20:11:48.279Z", "user": 1, "content_type": 7, "object_id": "9", "object_repr": "InstantMessage object (9)", "action_flag": 3, "change_message": ""}}, {"model": "admin.logentry", "pk": 24, "fields": {"action_time": "2020-05-03T20:11:48.282Z", "user": 1, "content_type": 7, "object_id": "8", "object_repr": "InstantMessage object (8)", "action_flag": 3, "change_message": ""}}, {"model": "admin.logentry", "pk": 25, "fields": {"action_time": "2020-05-03T20:11:48.284Z", "user": 1, "content_type": 7, "object_id": "7", "object_repr": "InstantMessage object (7)", "action_flag": 3, "change_message": ""}}, {"model": "admin.logentry", "pk": 26, "fields": {"action_time": "2020-05-03T20:11:48.287Z", "user": 1, "content_type": 7, "object_id": "6", "object_repr": "InstantMessage object (6)", "action_flag": 3, "change_message": ""}}, {"model": "admin.logentry", "pk": 27, "fields": {"action_time": "2020-05-03T20:11:48.289Z", "user": 1, "content_type": 7, "object_id": "5", "object_repr": "InstantMessage object (5)", "action_flag": 3, "change_message": ""}}, {"model": "admin.logentry", "pk": 28, "fields": {"action_time": "2020-05-03T20:11:48.291Z", "user": 1, "content_type": 7, "object_id": "4", "object_repr": "InstantMessage object (4)", "action_flag": 3, "change_message": ""}}, {"model": "admin.logentry", "pk": 29, "fields": {"action_time": "2020-05-03T20:11:48.292Z", "user": 1, "content_type": 7, "object_id": "3", "object_repr": "InstantMessage object (3)", "action_flag": 3, "change_message": ""}}, {"model": "admin.logentry", "pk": 30, "fields": {"action_time": "2020-05-03T20:11:48.294Z", "user": 1, "content_type": 7, "object_id": "2", "object_repr": "InstantMessage object (2)", "action_flag": 3, "change_message": ""}}, {"model": "admin.logentry", "pk": 31, "fields": {"action_time": "2020-05-03T20:11:48.296Z", "user": 1, "content_type": 7, "object_id": "1", "object_repr": "InstantMessage object (1)", "action_flag": 3, "change_message": ""}}, {"model": "admin.logentry", "pk": 32, "fields": {"action_time": "2020-05-03T20:12:51.631Z", "user": 1, "content_type": 7, "object_id": "12", "object_repr": "InstantMessage object (12)", "action_flag": 1, "change_message": "[{\"added\": {}}]"}}, {"model": "admin.logentry", "pk": 33, "fields": {"action_time": "2020-05-03T20:14:12.126Z", "user": 1, "content_type": 7, "object_id": "14", "object_repr": "InstantMessage object (14)", "action_flag": 1, "change_message": "[{\"added\": {}}]"}}, {"model": "admin.logentry", "pk": 34, "fields": {"action_time": "2020-05-03T20:14:32.831Z", "user": 1, "content_type": 7, "object_id": "15", "object_repr": "InstantMessage object (15)", "action_flag": 1, "change_message": "[{\"added\": {}}]"}}, {"model": "admin.logentry", "pk": 35, "fields": {"action_time": "2020-05-04T00:51:51.129Z", "user": 1, "content_type": 7, "object_id": "17", "object_repr": "InstantMessage object (17)", "action_flag": 1, "change_message": "[{\"added\": {}}]"}}, {"model": "admin.logentry", "pk": 36, "fields": {"action_time": "2020-05-04T02:29:39.754Z", "user": 1, "content_type": 7, "object_id": "17", "object_repr": "InstantMessage object (17)", "action_flag": 2, "change_message": "[{\"changed\": {\"fields\": [\"viewed\"]}}]"}}, {"model": "admin.logentry", "pk": 37, "fields": {"action_time": "2020-05-06T03:54:05.981Z", "user": 1, "content_type": 7, "object_id": "18", "object_repr": "InstantMessage object (18)", "action_flag": 1, "change_message": "[{\"added\": {}}]"}}, {"model": "admin.logentry", "pk": 38, "fields": {"action_time": "2020-05-06T03:55:21.991Z", "user": 1, "content_type": 7, "object_id": "18", "object_repr": "InstantMessage object (18)", "action_flag": 2, "change_message": "[]"}}, {"model": "admin.logentry", "pk": 39, "fields": {"action_time": "2020-05-06T04:12:16.635Z", "user": 1, "content_type": 7, "object_id": "18", "object_repr": "InstantMessage object (18)", "action_flag": 2, "change_message": "[{\"changed\": {\"fields\": [\"viewed\"]}}]"}}, {"model": "admin.logentry", "pk": 40, "fields": {"action_time": "2020-05-06T04:12:25.578Z", "user": 1, "content_type": 7, "object_id": "18", "object_repr": "InstantMessage object (18)", "action_flag": 2, "change_message": "[{\"changed\": {\"fields\": [\"viewed\"]}}]"}}, {"model": "admin.logentry", "pk": 41, "fields": {"action_time": "2020-05-06T21:32:49.261Z", "user": 1, "content_type": 7, "object_id": "18", "object_repr": "InstantMessage object (18)", "action_flag": 2, "change_message": "[{\"changed\": {\"fields\": [\"viewed\"]}}]"}}, {"model": "admin.logentry", "pk": 42, "fields": {"action_time": "2020-05-07T17:41:15.755Z", "user": 1, "content_type": 9, "object_id": "2", "object_repr": "Conversation object (2)", "action_flag": 1, "change_message": "[{\"added\": {}}]"}}, {"model": "admin.logentry", "pk": 43, "fields": {"action_time": "2020-05-07T17:41:18.519Z", "user": 1, "content_type": 7, "object_id": "19", "object_repr": "InstantMessage object (19)", "action_flag": 1, "change_message": "[{\"added\": {}}]"}}, {"model": "admin.logentry", "pk": 44, "fields": {"action_time": "2020-05-07T17:41:30.923Z", "user": 1, "content_type": 9, "object_id": "3", "object_repr": "Conversation object (3)", "action_flag": 1, "change_message": "[{\"added\": {}}]"}}, {"model": "admin.logentry", "pk": 45, "fields": {"action_time": "2020-05-07T17:41:32.877Z", "user": 1, "content_type": 7, "object_id": "20", "object_repr": "InstantMessage object (20)", "action_flag": 1, "change_message": "[{\"added\": {}}]"}}, {"model": "admin.logentry", "pk": 46, "fields": {"action_time": "2020-05-07T17:43:56.104Z", "user": 1, "content_type": 6, "object_id": "2", "object_repr": "test1", "action_flag": 2, "change_message": "[{\"changed\": {\"fields\": [\"matches\"]}}]"}}, {"model": "admin.logentry", "pk": 47, "fields": {"action_time": "2020-05-08T18:18:37.283Z", "user": 1, "content_type": 6, "object_id": "1", "object_repr": "papichulo", "action_flag": 2, "change_message": "[{\"changed\": {\"fields\": [\"matches\"]}}]"}}, {"model": "admin.logentry", "pk": 48, "fields": {"action_time": "2020-05-08T18:18:46.865Z", "user": 1, "content_type": 8, "object_id": "11", "object_repr": "UserVote object (11)", "action_flag": 3, "change_message": ""}}, {"model": "admin.logentry", "pk": 49, "fields": {"action_time": "2020-05-08T18:18:46.868Z", "user": 1, "content_type": 8, "object_id": "10", "object_repr": "UserVote object (10)", "action_flag": 3, "change_message": ""}}, {"model": "admin.logentry", "pk": 50, "fields": {"action_time": "2020-05-08T18:18:46.870Z", "user": 1, "content_type": 8, "object_id": "9", "object_repr": "UserVote object (9)", "action_flag": 3, "change_message": ""}}, {"model": "admin.logentry", "pk": 51, "fields": {"action_time": "2020-05-08T18:18:46.872Z", "user": 1, "content_type": 8, "object_id": "8", "object_repr": "UserVote object (8)", "action_flag": 3, "change_message": ""}}, {"model": "admin.logentry", "pk": 52, "fields": {"action_time": "2020-05-08T18:18:46.874Z", "user": 1, "content_type": 8, "object_id": "7", "object_repr": "UserVote object (7)", "action_flag": 3, "change_message": ""}}, {"model": "admin.logentry", "pk": 53, "fields": {"action_time": "2020-05-08T18:18:46.876Z", "user": 1, "content_type": 8, "object_id": "6", "object_repr": "UserVote object (6)", "action_flag": 3, "change_message": ""}}, {"model": "admin.logentry", "pk": 54, "fields": {"action_time": "2020-05-08T18:18:46.878Z", "user": 1, "content_type": 8, "object_id": "5", "object_repr": "UserVote object (5)", "action_flag": 3, "change_message": ""}}, {"model": "admin.logentry", "pk": 55, "fields": {"action_time": "2020-05-08T18:18:46.880Z", "user": 1, "content_type": 8, "object_id": "4", "object_repr": "UserVote object (4)", "action_flag": 3, "change_message": ""}}, {"model": "admin.logentry", "pk": 56, "fields": {"action_time": "2020-05-08T18:18:46.882Z", "user": 1, "content_type": 8, "object_id": "3", "object_repr": "UserVote object (3)", "action_flag": 3, "change_message": ""}}, {"model": "admin.logentry", "pk": 57, "fields": {"action_time": "2020-05-08T18:18:46.884Z", "user": 1, "content_type": 8, "object_id": "2", "object_repr": "UserVote object (2)", "action_flag": 3, "change_message": ""}}, {"model": "admin.logentry", "pk": 58, "fields": {"action_time": "2020-05-08T18:18:46.886Z", "user": 1, "content_type": 8, "object_id": "1", "object_repr": "UserVote object (1)", "action_flag": 3, "change_message": ""}}, {"model": "admin.logentry", "pk": 59, "fields": {"action_time": "2020-05-08T18:18:56.651Z", "user": 1, "content_type": 6, "object_id": "2", "object_repr": "test1", "action_flag": 2, "change_message": "[{\"changed\": {\"fields\": [\"matches\"]}}]"}}, {"model": "admin.logentry", "pk": 60, "fields": {"action_time": "2020-05-08T18:19:15.292Z", "user": 1, "content_type": 8, "object_id": "12", "object_repr": "UserVote object (12)", "action_flag": 1, "change_message": "[{\"added\": {}}]"}}, {"model": "admin.logentry", "pk": 61, "fields": {"action_time": "2020-05-08T18:20:37.173Z", "user": 1, "content_type": 8, "object_id": "15", "object_repr": "UserVote object (15)", "action_flag": 3, "change_message": ""}}, {"model": "admin.logentry", "pk": 62, "fields": {"action_time": "2020-05-08T18:20:37.176Z", "user": 1, "content_type": 8, "object_id": "14", "object_repr": "UserVote object (14)", "action_flag": 3, "change_message": ""}}, {"model": "admin.logentry", "pk": 63, "fields": {"action_time": "2020-05-08T18:20:37.178Z", "user": 1, "content_type": 8, "object_id": "13", "object_repr": "UserVote object (13)", "action_flag": 3, "change_message": ""}}, {"model": "admin.logentry", "pk": 64, "fields": {"action_time": "2020-05-08T18:20:37.180Z", "user": 1, "content_type": 8, "object_id": "12", "object_repr": "UserVote object (12)", "action_flag": 3, "change_message": ""}}, {"model": "admin.logentry", "pk": 65, "fields": {"action_time": "2020-05-08T18:20:44.500Z", "user": 1, "content_type": 6, "object_id": "1", "object_repr": "papichulo", "action_flag": 2, "change_message": "[{\"changed\": {\"fields\": [\"matches\"]}}]"}}, {"model": "admin.logentry", "pk": 66, "fields": {"action_time": "2020-05-08T18:20:48.520Z", "user": 1, "content_type": 6, "object_id": "2", "object_repr": "test1", "action_flag": 2, "change_message": "[{\"changed\": {\"fields\": [\"matches\"]}}]"}}, {"model": "admin.logentry", "pk": 67, "fields": {"action_time": "2020-05-08T18:21:16.893Z", "user": 1, "content_type": 8, "object_id": "16", "object_repr": "UserVote object (16)", "action_flag": 1, "change_message": "[{\"added\": {}}]"}}, {"model": "admin.logentry", "pk": 68, "fields": {"action_time": "2020-05-08T18:22:04.662Z", "user": 1, "content_type": 8, "object_id": "17", "object_repr": "UserVote object (17)", "action_flag": 3, "change_message": ""}}, {"model": "admin.logentry", "pk": 69, "fields": {"action_time": "2020-05-08T18:22:14.244Z", "user": 1, "content_type": 6, "object_id": "2", "object_repr": "test1", "action_flag": 2, "change_message": "[{\"changed\": {\"fields\": [\"matches\"]}}]"}}, {"model": "admin.logentry", "pk": 70, "fields": {"action_time": "2020-05-08T18:22:20.036Z", "user": 1, "content_type": 6, "object_id": "1", "object_repr": "papichulo", "action_flag": 2, "change_message": "[{\"changed\": {\"fields\": [\"matches\"]}}]"}}, {"model": "admin.logentry", "pk": 71, "fields": {"action_time": "2020-05-08T18:24:27.320Z", "user": 1, "content_type": 6, "object_id": "2", "object_repr": "test1", "action_flag": 2, "change_message": "[{\"changed\": {\"fields\": [\"matches\"]}}]"}}, {"model": "admin.logentry", "pk": 72, "fields": {"action_time": "2020-05-08T18:24:30.970Z", "user": 1, "content_type": 6, "object_id": "1", "object_repr": "papichulo", "action_flag": 2, "change_message": "[{\"changed\": {\"fields\": [\"matches\"]}}]"}}, {"model": "admin.logentry", "pk": 73, "fields": {"action_time": "2020-05-08T18:24:42.853Z", "user": 1, "content_type": 8, "object_id": "18", "object_repr": "UserVote object (18)", "action_flag": 3, "change_message": ""}}, {"model": "admin.logentry", "pk": 74, "fields": {"action_time": "2020-05-08T18:25:53.161Z", "user": 1, "content_type": 8, "object_id": "24", "object_repr": "UserVote object (24)", "action_flag": 3, "change_message": ""}}, {"model": "admin.logentry", "pk": 75, "fields": {"action_time": "2020-05-08T18:25:53.170Z", "user": 1, "content_type": 8, "object_id": "23", "object_repr": "UserVote object (23)", "action_flag": 3, "change_message": ""}}, {"model": "admin.logentry", "pk": 76, "fields": {"action_time": "2020-05-08T18:25:53.172Z", "user": 1, "content_type": 8, "object_id": "22", "object_repr": "UserVote object (22)", "action_flag": 3, "change_message": ""}}, {"model": "admin.logentry", "pk": 77, "fields": {"action_time": "2020-05-08T18:25:53.174Z", "user": 1, "content_type": 8, "object_id": "21", "object_repr": "UserVote object (21)", "action_flag": 3, "change_message": ""}}, {"model": "admin.logentry", "pk": 78, "fields": {"action_time": "2020-05-08T18:25:53.176Z", "user": 1, "content_type": 8, "object_id": "20", "object_repr": "UserVote object (20)", "action_flag": 3, "change_message": ""}}, {"model": "admin.logentry", "pk": 79, "fields": {"action_time": "2020-05-08T18:25:53.178Z", "user": 1, "content_type": 8, "object_id": "19", "object_repr": "UserVote object (19)", "action_flag": 3, "change_message": ""}}, {"model": "admin.logentry", "pk": 80, "fields": {"action_time": "2020-05-08T18:26:00.485Z", "user": 1, "content_type": 6, "object_id": "2", "object_repr": "test1", "action_flag": 2, "change_message": "[{\"changed\": {\"fields\": [\"matches\"]}}]"}}, {"model": "admin.logentry", "pk": 81, "fields": {"action_time": "2020-05-08T18:26:04.421Z", "user": 1, "content_type": 6, "object_id": "1", "object_repr": "papichulo", "action_flag": 2, "change_message": "[{\"changed\": {\"fields\": [\"matches\"]}}]"}}, {"model": "admin.logentry", "pk": 82, "fields": {"action_time": "2020-05-08T18:26:47.410Z", "user": 1, "content_type": 6, "object_id": "7", "object_repr": "test6", "action_flag": 2, "change_message": "[]"}}, {"model": "admin.logentry", "pk": 83, "fields": {"action_time": "2020-05-08T18:27:02.328Z", "user": 1, "content_type": 8, "object_id": "26", "object_repr": "UserVote object (26)", "action_flag": 1, "change_message": "[{\"added\": {}}]"}}, {"model": "admin.logentry", "pk": 84, "fields": {"action_time": "2020-05-08T18:28:07.656Z", "user": 1, "content_type": 8, "object_id": "27", "object_repr": "UserVote object (27)", "action_flag": 3, "change_message": ""}}, {"model": "admin.logentry", "pk": 85, "fields": {"action_time": "2020-05-08T18:28:22.662Z", "user": 1, "content_type": 6, "object_id": "7", "object_repr": "test6", "action_flag": 2, "change_message": "[{\"changed\": {\"fields\": [\"matches\"]}}]"}}, {"model": "admin.logentry", "pk": 86, "fields": {"action_time": "2020-05-08T18:28:32.924Z", "user": 1, "content_type": 6, "object_id": "1", "object_repr": "papichulo", "action_flag": 2, "change_message": "[{\"changed\": {\"fields\": [\"matches\"]}}]"}}, {"model": "admin.logentry", "pk": 87, "fields": {"action_time": "2020-05-08T18:29:51.847Z", "user": 1, "content_type": 6, "object_id": "7", "object_repr": "test6", "action_flag": 2, "change_message": "[{\"changed\": {\"fields\": [\"matches\"]}}]"}}, {"model": "admin.logentry", "pk": 88, "fields": {"action_time": "2020-05-08T18:29:55.567Z", "user": 1, "content_type": 6, "object_id": "2", "object_repr": "test1", "action_flag": 2, "change_message": "[{\"changed\": {\"fields\": [\"matches\"]}}]"}}, {"model": "admin.logentry", "pk": 89, "fields": {"action_time": "2020-05-08T18:29:58.626Z", "user": 1, "content_type": 6, "object_id": "1", "object_repr": "papichulo", "action_flag": 2, "change_message": "[{\"changed\": {\"fields\": [\"matches\"]}}]"}}, {"model": "admin.logentry", "pk": 90, "fields": {"action_time": "2020-05-08T18:30:13.401Z", "user": 1, "content_type": 8, "object_id": "28", "object_repr": "UserVote object (28)", "action_flag": 3, "change_message": ""}}, {"model": "admin.logentry", "pk": 91, "fields": {"action_time": "2020-05-08T18:30:22.343Z", "user": 1, "content_type": 8, "object_id": "25", "object_repr": "UserVote object (25)", "action_flag": 3, "change_message": ""}}, {"model": "admin.logentry", "pk": 92, "fields": {"action_time": "2020-05-08T18:30:33.385Z", "user": 1, "content_type": 8, "object_id": "29", "object_repr": "UserVote object (29)", "action_flag": 1, "change_message": "[{\"added\": {}}]"}}, {"model": "admin.logentry", "pk": 93, "fields": {"action_time": "2020-05-08T18:30:46.107Z", "user": 1, "content_type": 8, "object_id": "30", "object_repr": "UserVote object (30)", "action_flag": 1, "change_message": "[{\"added\": {}}]"}}, {"model": "admin.logentry", "pk": 94, "fields": {"action_time": "2020-05-08T18:30:55.400Z", "user": 1, "content_type": 8, "object_id": "31", "object_repr": "UserVote object (31)", "action_flag": 1, "change_message": "[{\"added\": {}}]"}}, {"model": "admin.logentry", "pk": 95, "fields": {"action_time": "2020-05-08T19:21:05.332Z", "user": 1, "content_type": 8, "object_id": "36", "object_repr": "UserVote object (36)", "action_flag": 3, "change_message": ""}}, {"model": "admin.logentry", "pk": 96, "fields": {"action_time": "2020-05-08T19:21:05.341Z", "user": 1, "content_type": 8, "object_id": "35", "object_repr": "UserVote object (35)", "action_flag": 3, "change_message": ""}}, {"model": "admin.logentry", "pk": 97, "fields": {"action_time": "2020-05-08T19:21:05.344Z", "user": 1, "content_type": 8, "object_id": "34", "object_repr": "UserVote object (34)", "action_flag": 3, "change_message": ""}}, {"model": "admin.logentry", "pk": 98, "fields": {"action_time": "2020-05-08T19:21:05.347Z", "user": 1, "content_type": 8, "object_id": "33", "object_repr": "UserVote object (33)", "action_flag": 3, "change_message": ""}}, {"model": "admin.logentry", "pk": 99, "fields": {"action_time": "2020-05-08T19:21:09.296Z", "user": 1, "content_type": 8, "object_id": "32", "object_repr": "UserVote object (32)", "action_flag": 3, "change_message": ""}}, {"model": "admin.logentry", "pk": 100, "fields": {"action_time": "2020-05-08T19:23:33.188Z", "user": 1, "content_type": 8, "object_id": "41", "object_repr": "UserVote object (41)", "action_flag": 3, "change_message": ""}}, {"model": "admin.logentry", "pk": 101, "fields": {"action_time": "2020-05-08T19:23:33.190Z", "user": 1, "content_type": 8, "object_id": "40", "object_repr": "UserVote object (40)", "action_flag": 3, "change_message": ""}}, {"model": "admin.logentry", "pk": 102, "fields": {"action_time": "2020-05-08T19:23:33.192Z", "user": 1, "content_type": 8, "object_id": "39", "object_repr": "UserVote object (39)", "action_flag": 3, "change_message": ""}}, {"model": "admin.logentry", "pk": 103, "fields": {"action_time": "2020-05-08T19:23:33.193Z", "user": 1, "content_type": 8, "object_id": "38", "object_repr": "UserVote object (38)", "action_flag": 3, "change_message": ""}}, {"model": "admin.logentry", "pk": 104, "fields": {"action_time": "2020-05-08T19:23:33.195Z", "user": 1, "content_type": 8, "object_id": "37", "object_repr": "UserVote object (37)", "action_flag": 3, "change_message": ""}}, {"model": "admin.logentry", "pk": 105, "fields": {"action_time": "2020-05-08T19:33:21.756Z", "user": 1, "content_type": 8, "object_id": "46", "object_repr": "UserVote object (46)", "action_flag": 3, "change_message": ""}}, {"model": "admin.logentry", "pk": 106, "fields": {"action_time": "2020-05-08T19:33:21.763Z", "user": 1, "content_type": 8, "object_id": "45", "object_repr": "UserVote object (45)", "action_flag": 3, "change_message": ""}}, {"model": "admin.logentry", "pk": 107, "fields": {"action_time": "2020-05-08T19:33:21.765Z", "user": 1, "content_type": 8, "object_id": "44", "object_repr": "UserVote object (44)", "action_flag": 3, "change_message": ""}}, {"model": "admin.logentry", "pk": 108, "fields": {"action_time": "2020-05-08T19:33:21.766Z", "user": 1, "content_type": 8, "object_id": "43", "object_repr": "UserVote object (43)", "action_flag": 3, "change_message": ""}}, {"model": "admin.logentry", "pk": 109, "fields": {"action_time": "2020-05-08T19:33:21.768Z", "user": 1, "content_type": 8, "object_id": "42", "object_repr": "UserVote object (42)", "action_flag": 3, "change_message": ""}}, {"model": "admin.logentry", "pk": 110, "fields": {"action_time": "2020-05-08T19:38:11.631Z", "user": 1, "content_type": 8, "object_id": "51", "object_repr": "UserVote object (51)", "action_flag": 3, "change_message": ""}}, {"model": "admin.logentry", "pk": 111, "fields": {"action_time": "2020-05-08T19:38:11.638Z", "user": 1, "content_type": 8, "object_id": "50", "object_repr": "UserVote object (50)", "action_flag": 3, "change_message": ""}}, {"model": "admin.logentry", "pk": 112, "fields": {"action_time": "2020-05-08T19:38:11.639Z", "user": 1, "content_type": 8, "object_id": "49", "object_repr": "UserVote object (49)", "action_flag": 3, "change_message": ""}}, {"model": "admin.logentry", "pk": 113, "fields": {"action_time": "2020-05-08T19:38:11.640Z", "user": 1, "content_type": 8, "object_id": "48", "object_repr": "UserVote object (48)", "action_flag": 3, "change_message": ""}}, {"model": "admin.logentry", "pk": 114, "fields": {"action_time": "2020-05-08T19:38:11.641Z", "user": 1, "content_type": 8, "object_id": "47", "object_repr": "UserVote object (47)", "action_flag": 3, "change_message": ""}}, {"model": "admin.logentry", "pk": 115, "fields": {"action_time": "2020-05-08T19:51:22.376Z", "user": 1, "content_type": 8, "object_id": "56", "object_repr": "UserVote object (56)", "action_flag": 3, "change_message": ""}}, {"model": "admin.logentry", "pk": 116, "fields": {"action_time": "2020-05-08T19:51:22.383Z", "user": 1, "content_type": 8, "object_id": "55", "object_repr": "UserVote object (55)", "action_flag": 3, "change_message": ""}}, {"model": "admin.logentry", "pk": 117, "fields": {"action_time": "2020-05-08T19:51:22.385Z", "user": 1, "content_type": 8, "object_id": "54", "object_repr": "UserVote object (54)", "action_flag": 3, "change_message": ""}}, {"model": "admin.logentry", "pk": 118, "fields": {"action_time": "2020-05-08T19:51:22.387Z", "user": 1, "content_type": 8, "object_id": "53", "object_repr": "UserVote object (53)", "action_flag": 3, "change_message": ""}}, {"model": "admin.logentry", "pk": 119, "fields": {"action_time": "2020-05-08T19:51:22.389Z", "user": 1, "content_type": 8, "object_id": "52", "object_repr": "UserVote object (52)", "action_flag": 3, "change_message": ""}}, {"model": "admin.logentry", "pk": 120, "fields": {"action_time": "2020-05-08T19:53:12.590Z", "user": 1, "content_type": 8, "object_id": "61", "object_repr": "UserVote object (61)", "action_flag": 3, "change_message": ""}}, {"model": "admin.logentry", "pk": 121, "fields": {"action_time": "2020-05-08T19:53:12.594Z", "user": 1, "content_type": 8, "object_id": "60", "object_repr": "UserVote object (60)", "action_flag": 3, "change_message": ""}}, {"model": "admin.logentry", "pk": 122, "fields": {"action_time": "2020-05-08T19:53:12.596Z", "user": 1, "content_type": 8, "object_id": "59", "object_repr": "UserVote object (59)", "action_flag": 3, "change_message": ""}}, {"model": "admin.logentry", "pk": 123, "fields": {"action_time": "2020-05-08T19:53:12.598Z", "user": 1, "content_type": 8, "object_id": "58", "object_repr": "UserVote object (58)", "action_flag": 3, "change_message": ""}}, {"model": "admin.logentry", "pk": 124, "fields": {"action_time": "2020-05-08T19:53:12.599Z", "user": 1, "content_type": 8, "object_id": "57", "object_repr": "UserVote object (57)", "action_flag": 3, "change_message": ""}}, {"model": "admin.logentry", "pk": 125, "fields": {"action_time": "2020-05-08T19:59:14.081Z", "user": 1, "content_type": 8, "object_id": "66", "object_repr": "UserVote object (66)", "action_flag": 3, "change_message": ""}}, {"model": "admin.logentry", "pk": 126, "fields": {"action_time": "2020-05-08T19:59:14.088Z", "user": 1, "content_type": 8, "object_id": "65", "object_repr": "UserVote object (65)", "action_flag": 3, "change_message": ""}}, {"model": "admin.logentry", "pk": 127, "fields": {"action_time": "2020-05-08T19:59:14.089Z", "user": 1, "content_type": 8, "object_id": "64", "object_repr": "UserVote object (64)", "action_flag": 3, "change_message": ""}}, {"model": "admin.logentry", "pk": 128, "fields": {"action_time": "2020-05-08T19:59:14.091Z", "user": 1, "content_type": 8, "object_id": "63", "object_repr": "UserVote object (63)", "action_flag": 3, "change_message": ""}}, {"model": "admin.logentry", "pk": 129, "fields": {"action_time": "2020-05-08T19:59:14.092Z", "user": 1, "content_type": 8, "object_id": "62", "object_repr": "UserVote object (62)", "action_flag": 3, "change_message": ""}}, {"model": "admin.logentry", "pk": 130, "fields": {"action_time": "2020-05-08T19:59:14.093Z", "user": 1, "content_type": 8, "object_id": "31", "object_repr": "UserVote object (31)", "action_flag": 3, "change_message": ""}}, {"model": "admin.logentry", "pk": 131, "fields": {"action_time": "2020-05-08T20:01:00.923Z", "user": 1, "content_type": 8, "object_id": "71", "object_repr": "UserVote object (71)", "action_flag": 3, "change_message": ""}}, {"model": "admin.logentry", "pk": 132, "fields": {"action_time": "2020-05-08T20:01:00.930Z", "user": 1, "content_type": 8, "object_id": "70", "object_repr": "UserVote object (70)", "action_flag": 3, "change_message": ""}}, {"model": "admin.logentry", "pk": 133, "fields": {"action_time": "2020-05-08T20:01:00.932Z", "user": 1, "content_type": 8, "object_id": "69", "object_repr": "UserVote object (69)", "action_flag": 3, "change_message": ""}}, {"model": "admin.logentry", "pk": 134, "fields": {"action_time": "2020-05-08T20:01:00.934Z", "user": 1, "content_type": 8, "object_id": "68", "object_repr": "UserVote object (68)", "action_flag": 3, "change_message": ""}}, {"model": "admin.logentry", "pk": 135, "fields": {"action_time": "2020-05-08T20:01:15.795Z", "user": 1, "content_type": 8, "object_id": "72", "object_repr": "UserVote object (72)", "action_flag": 1, "change_message": "[{\"added\": {}}]"}}, {"model": "admin.logentry", "pk": 136, "fields": {"action_time": "2020-05-08T20:01:39.818Z", "user": 1, "content_type": 8, "object_id": "73", "object_repr": "UserVote object (73)", "action_flag": 1, "change_message": "[{\"added\": {}}]"}}, {"model": "admin.logentry", "pk": 137, "fields": {"action_time": "2020-05-08T20:02:48.249Z", "user": 1, "content_type": 8, "object_id": "73", "object_repr": "UserVote object (73)", "action_flag": 3, "change_message": ""}}, {"model": "admin.logentry", "pk": 138, "fields": {"action_time": "2020-05-08T20:02:48.256Z", "user": 1, "content_type": 8, "object_id": "72", "object_repr": "UserVote object (72)", "action_flag": 3, "change_message": ""}}, {"model": "admin.logentry", "pk": 139, "fields": {"action_time": "2020-05-08T20:02:48.258Z", "user": 1, "content_type": 8, "object_id": "67", "object_repr": "UserVote object (67)", "action_flag": 3, "change_message": ""}}, {"model": "admin.logentry", "pk": 140, "fields": {"action_time": "2020-05-08T20:03:14.078Z", "user": 1, "content_type": 8, "object_id": "77", "object_repr": "UserVote object (77)", "action_flag": 3, "change_message": ""}}, {"model": "admin.logentry", "pk": 141, "fields": {"action_time": "2020-05-08T20:03:14.085Z", "user": 1, "content_type": 8, "object_id": "76", "object_repr": "UserVote object (76)", "action_flag": 3, "change_message": ""}}, {"model": "admin.logentry", "pk": 142, "fields": {"action_time": "2020-05-08T20:03:19.259Z", "user": 1, "content_type": 8, "object_id": "75", "object_repr": "UserVote object (75)", "action_flag": 3, "change_message": ""}}, {"model": "admin.logentry", "pk": 143, "fields": {"action_time": "2020-05-08T20:03:24.155Z", "user": 1, "content_type": 8, "object_id": "74", "object_repr": "UserVote object (74)", "action_flag": 3, "change_message": ""}}, {"model": "admin.logentry", "pk": 144, "fields": {"action_time": "2020-05-08T20:03:35.392Z", "user": 1, "content_type": 8, "object_id": "78", "object_repr": "UserVote object (78)", "action_flag": 1, "change_message": "[{\"added\": {}}]"}}, {"model": "admin.logentry", "pk": 145, "fields": {"action_time": "2020-05-08T20:38:29.264Z", "user": 1, "content_type": 8, "object_id": "83", "object_repr": "UserVote object (83)", "action_flag": 3, "change_message": ""}}, {"model": "admin.logentry", "pk": 146, "fields": {"action_time": "2020-05-08T20:38:29.267Z", "user": 1, "content_type": 8, "object_id": "82", "object_repr": "UserVote object (82)", "action_flag": 3, "change_message": ""}}, {"model": "admin.logentry", "pk": 147, "fields": {"action_time": "2020-05-08T20:38:29.268Z", "user": 1, "content_type": 8, "object_id": "81", "object_repr": "UserVote object (81)", "action_flag": 3, "change_message": ""}}, {"model": "admin.logentry", "pk": 148, "fields": {"action_time": "2020-05-08T20:38:29.269Z", "user": 1, "content_type": 8, "object_id": "80", "object_repr": "UserVote object (80)", "action_flag": 3, "change_message": ""}}, {"model": "admin.logentry", "pk": 149, "fields": {"action_time": "2020-05-08T20:46:17.404Z", "user": 1, "content_type": 8, "object_id": "87", "object_repr": "UserVote object (87)", "action_flag": 3, "change_message": ""}}, {"model": "admin.logentry", "pk": 150, "fields": {"action_time": "2020-05-08T20:46:17.411Z", "user": 1, "content_type": 8, "object_id": "86", "object_repr": "UserVote object (86)", "action_flag": 3, "change_message": ""}}, {"model": "admin.logentry", "pk": 151, "fields": {"action_time": "2020-05-08T20:46:17.413Z", "user": 1, "content_type": 8, "object_id": "85", "object_repr": "UserVote object (85)", "action_flag": 3, "change_message": ""}}, {"model": "admin.logentry", "pk": 152, "fields": {"action_time": "2020-05-08T20:46:17.414Z", "user": 1, "content_type": 8, "object_id": "84", "object_repr": "UserVote object (84)", "action_flag": 3, "change_message": ""}}, {"model": "admin.logentry", "pk": 153, "fields": {"action_time": "2020-05-08T20:46:17.416Z", "user": 1, "content_type": 8, "object_id": "79", "object_repr": "UserVote object (79)", "action_flag": 3, "change_message": ""}}, {"model": "admin.logentry", "pk": 154, "fields": {"action_time": "2020-05-08T21:02:20.839Z", "user": 1, "content_type": 8, "object_id": "92", "object_repr": "UserVote object (92)", "action_flag": 3, "change_message": ""}}, {"model": "admin.logentry", "pk": 155, "fields": {"action_time": "2020-05-08T21:02:20.846Z", "user": 1, "content_type": 8, "object_id": "91", "object_repr": "UserVote object (91)", "action_flag": 3, "change_message": ""}}, {"model": "admin.logentry", "pk": 156, "fields": {"action_time": "2020-05-08T21:02:20.848Z", "user": 1, "content_type": 8, "object_id": "90", "object_repr": "UserVote object (90)", "action_flag": 3, "change_message": ""}}, {"model": "admin.logentry", "pk": 157, "fields": {"action_time": "2020-05-08T21:02:20.850Z", "user": 1, "content_type": 8, "object_id": "89", "object_repr": "UserVote object (89)", "action_flag": 3, "change_message": ""}}, {"model": "admin.logentry", "pk": 158, "fields": {"action_time": "2020-05-08T21:02:20.852Z", "user": 1, "content_type": 8, "object_id": "88", "object_repr": "UserVote object (88)", "action_flag": 3, "change_message": ""}}, {"model": "admin.logentry", "pk": 159, "fields": {"action_time": "2020-05-08T21:04:54.202Z", "user": 1, "content_type": 8, "object_id": "97", "object_repr": "UserVote object (97)", "action_flag": 3, "change_message": ""}}, {"model": "admin.logentry", "pk": 160, "fields": {"action_time": "2020-05-08T21:04:54.203Z", "user": 1, "content_type": 8, "object_id": "96", "object_repr": "UserVote object (96)", "action_flag": 3, "change_message": ""}}, {"model": "admin.logentry", "pk": 161, "fields": {"action_time": "2020-05-08T21:04:54.205Z", "user": 1, "content_type": 8, "object_id": "95", "object_repr": "UserVote object (95)", "action_flag": 3, "change_message": ""}}, {"model": "admin.logentry", "pk": 162, "fields": {"action_time": "2020-05-08T21:04:54.206Z", "user": 1, "content_type": 8, "object_id": "94", "object_repr": "UserVote object (94)", "action_flag": 3, "change_message": ""}}, {"model": "admin.logentry", "pk": 163, "fields": {"action_time": "2020-05-08T21:10:05.526Z", "user": 1, "content_type": 8, "object_id": "101", "object_repr": "UserVote object (101)", "action_flag": 3, "change_message": ""}}, {"model": "admin.logentry", "pk": 164, "fields": {"action_time": "2020-05-08T21:10:05.535Z", "user": 1, "content_type": 8, "object_id": "100", "object_repr": "UserVote object (100)", "action_flag": 3, "change_message": ""}}, {"model": "admin.logentry", "pk": 165, "fields": {"action_time": "2020-05-08T21:10:05.537Z", "user": 1, "content_type": 8, "object_id": "99", "object_repr": "UserVote object (99)", "action_flag": 3, "change_message": ""}}, {"model": "admin.logentry", "pk": 166, "fields": {"action_time": "2020-05-08T21:10:05.539Z", "user": 1, "content_type": 8, "object_id": "98", "object_repr": "UserVote object (98)", "action_flag": 3, "change_message": ""}}, {"model": "admin.logentry", "pk": 167, "fields": {"action_time": "2020-05-08T21:10:50.782Z", "user": 1, "content_type": 8, "object_id": "105", "object_repr": "UserVote object (105)", "action_flag": 3, "change_message": ""}}, {"model": "admin.logentry", "pk": 168, "fields": {"action_time": "2020-05-08T21:10:50.784Z", "user": 1, "content_type": 8, "object_id": "104", "object_repr": "UserVote object (104)", "action_flag": 3, "change_message": ""}}, {"model": "admin.logentry", "pk": 169, "fields": {"action_time": "2020-05-08T21:10:50.786Z", "user": 1, "content_type": 8, "object_id": "103", "object_repr": "UserVote object (103)", "action_flag": 3, "change_message": ""}}, {"model": "admin.logentry", "pk": 170, "fields": {"action_time": "2020-05-08T21:10:50.788Z", "user": 1, "content_type": 8, "object_id": "102", "object_repr": "UserVote object (102)", "action_flag": 3, "change_message": ""}}, {"model": "admin.logentry", "pk": 171, "fields": {"action_time": "2020-05-08T21:10:58.940Z", "user": 1, "content_type": 8, "object_id": "93", "object_repr": "UserVote object (93)", "action_flag": 3, "change_message": ""}}, {"model": "admin.logentry", "pk": 172, "fields": {"action_time": "2020-05-08T21:11:08.459Z", "user": 1, "content_type": 8, "object_id": "106", "object_repr": "UserVote object (106)", "action_flag": 1, "change_message": "[{\"added\": {}}]"}}, {"model": "admin.logentry", "pk": 173, "fields": {"action_time": "2020-05-08T21:11:13.628Z", "user": 1, "content_type": 8, "object_id": "78", "object_repr": "UserVote object (78)", "action_flag": 2, "change_message": "[{\"changed\": {\"fields\": [\"vote\"]}}]"}}, {"model": "admin.logentry", "pk": 174, "fields": {"action_time": "2020-05-08T21:11:17.904Z", "user": 1, "content_type": 8, "object_id": "106", "object_repr": "UserVote object (106)", "action_flag": 2, "change_message": "[{\"changed\": {\"fields\": [\"vote\"]}}]"}}, {"model": "admin.logentry", "pk": 175, "fields": {"action_time": "2020-05-08T21:11:21.313Z", "user": 1, "content_type": 8, "object_id": "30", "object_repr": "UserVote object (30)", "action_flag": 2, "change_message": "[]"}}, {"model": "admin.logentry", "pk": 176, "fields": {"action_time": "2020-05-08T21:13:39.908Z", "user": 1, "content_type": 8, "object_id": "111", "object_repr": "UserVote object (111)", "action_flag": 3, "change_message": ""}}, {"model": "admin.logentry", "pk": 177, "fields": {"action_time": "2020-05-08T21:13:39.915Z", "user": 1, "content_type": 8, "object_id": "110", "object_repr": "UserVote object (110)", "action_flag": 3, "change_message": ""}}, {"model": "admin.logentry", "pk": 178, "fields": {"action_time": "2020-05-08T21:13:39.918Z", "user": 1, "content_type": 8, "object_id": "109", "object_repr": "UserVote object (109)", "action_flag": 3, "change_message": ""}}, {"model": "admin.logentry", "pk": 179, "fields": {"action_time": "2020-05-08T21:13:39.920Z", "user": 1, "content_type": 8, "object_id": "108", "object_repr": "UserVote object (108)", "action_flag": 3, "change_message": ""}}, {"model": "admin.logentry", "pk": 180, "fields": {"action_time": "2020-05-08T21:13:39.922Z", "user": 1, "content_type": 8, "object_id": "107", "object_repr": "UserVote object (107)", "action_flag": 3, "change_message": ""}}, {"model": "admin.logentry", "pk": 181, "fields": {"action_time": "2020-05-08T21:27:31.663Z", "user": 1, "content_type": 8, "object_id": "116", "object_repr": "UserVote object (116)", "action_flag": 3, "change_message": ""}}, {"model": "admin.logentry", "pk": 182, "fields": {"action_time": "2020-05-08T21:27:31.671Z", "user": 1, "content_type": 8, "object_id": "115", "object_repr": "UserVote object (115)", "action_flag": 3, "change_message": ""}}, {"model": "admin.logentry", "pk": 183, "fields": {"action_time": "2020-05-08T21:27:31.672Z", "user": 1, "content_type": 8, "object_id": "114", "object_repr": "UserVote object (114)", "action_flag": 3, "change_message": ""}}, {"model": "admin.logentry", "pk": 184, "fields": {"action_time": "2020-05-08T21:27:31.674Z", "user": 1, "content_type": 8, "object_id": "113", "object_repr": "UserVote object (113)", "action_flag": 3, "change_message": ""}}, {"model": "admin.logentry", "pk": 185, "fields": {"action_time": "2020-05-10T23:33:07.931Z", "user": 1, "content_type": 8, "object_id": "120", "object_repr": "UserVote object (120)", "action_flag": 3, "change_message": ""}}, {"model": "admin.logentry", "pk": 186, "fields": {"action_time": "2020-05-10T23:33:07.938Z", "user": 1, "content_type": 8, "object_id": "119", "object_repr": "UserVote object (119)", "action_flag": 3, "change_message": ""}}, {"model": "admin.logentry", "pk": 187, "fields": {"action_time": "2020-05-10T23:33:07.940Z", "user": 1, "content_type": 8, "object_id": "118", "object_repr": "UserVote object (118)", "action_flag": 3, "change_message": ""}}, {"model": "admin.logentry", "pk": 188, "fields": {"action_time": "2020-05-10T23:33:07.942Z", "user": 1, "content_type": 8, "object_id": "117", "object_repr": "UserVote object (117)", "action_flag": 3, "change_message": ""}}, {"model": "admin.logentry", "pk": 189, "fields": {"action_time": "2020-05-10T23:33:07.943Z", "user": 1, "content_type": 8, "object_id": "112", "object_repr": "UserVote object (112)", "action_flag": 3, "change_message": ""}}, {"model": "admin.logentry", "pk": 190, "fields": {"action_time": "2020-05-11T01:20:37.228Z", "user": 1, "content_type": 8, "object_id": "125", "object_repr": "UserVote object (125)", "action_flag": 3, "change_message": ""}}, {"model": "admin.logentry", "pk": 191, "fields": {"action_time": "2020-05-11T01:20:37.235Z", "user": 1, "content_type": 8, "object_id": "124", "object_repr": "UserVote object (124)", "action_flag": 3, "change_message": ""}}, {"model": "admin.logentry", "pk": 192, "fields": {"action_time": "2020-05-11T01:20:37.237Z", "user": 1, "content_type": 8, "object_id": "123", "object_repr": "UserVote object (123)", "action_flag": 3, "change_message": ""}}, {"model": "admin.logentry", "pk": 193, "fields": {"action_time": "2020-05-11T01:20:37.239Z", "user": 1, "content_type": 8, "object_id": "122", "object_repr": "UserVote object (122)", "action_flag": 3, "change_message": ""}}, {"model": "admin.logentry", "pk": 194, "fields": {"action_time": "2020-05-11T01:20:37.241Z", "user": 1, "content_type": 8, "object_id": "121", "object_repr": "UserVote object (121)", "action_flag": 3, "change_message": ""}}, {"model": "admin.logentry", "pk": 195, "fields": {"action_time": "2020-05-12T18:10:33.556Z", "user": 1, "content_type": 7, "object_id": "24", "object_repr": "InstantMessage object (24)", "action_flag": 2, "change_message": "[{\"changed\": {\"fields\": [\"sender\", \"receiver\"]}}]"}}, {"model": "admin.logentry", "pk": 196, "fields": {"action_time": "2020-05-12T18:12:22.817Z", "user": 1, "content_type": 7, "object_id": "24", "object_repr": "InstantMessage object (24)", "action_flag": 2, "change_message": "[{\"changed\": {\"fields\": [\"viewed\"]}}]"}}, {"model": "admin.logentry", "pk": 197, "fields": {"action_time": "2020-05-20T21:46:26.399Z", "user": 1, "content_type": 6, "object_id": "8", "object_repr": "profile7", "action_flag": 1, "change_message": "[{\"added\": {}}]"}}, {"model": "admin.logentry", "pk": 198, "fields": {"action_time": "2020-05-20T21:46:46.168Z", "user": 1, "content_type": 6, "object_id": "9", "object_repr": "profile8", "action_flag": 1, "change_message": "[{\"added\": {}}]"}}, {"model": "admin.logentry", "pk": 199, "fields": {"action_time": "2020-05-20T21:47:08.276Z", "user": 1, "content_type": 6, "object_id": "10", "object_repr": "profile9", "action_flag": 1, "change_message": "[{\"added\": {}}]"}}, {"model": "admin.logentry", "pk": 200, "fields": {"action_time": "2020-05-20T21:47:39.308Z", "user": 1, "content_type": 6, "object_id": "11", "object_repr": "profile10", "action_flag": 1, "change_message": "[{\"added\": {}}]"}}, {"model": "admin.logentry", "pk": 201, "fields": {"action_time": "2020-05-20T21:48:00.553Z", "user": 1, "content_type": 6, "object_id": "12", "object_repr": "profile11", "action_flag": 1, "change_message": "[{\"added\": {}}]"}}, {"model": "admin.logentry", "pk": 202, "fields": {"action_time": "2020-05-20T21:48:23.540Z", "user": 1, "content_type": 6, "object_id": "13", "object_repr": "profile12", "action_flag": 1, "change_message": "[{\"added\": {}}]"}}, {"model": "admin.logentry", "pk": 203, "fields": {"action_time": "2020-05-20T21:48:52.203Z", "user": 1, "content_type": 6, "object_id": "14", "object_repr": "profile13", "action_flag": 1, "change_message": "[{\"added\": {}}]"}}, {"model": "admin.logentry", "pk": 204, "fields": {"action_time": "2020-05-20T21:49:21.948Z", "user": 1, "content_type": 6, "object_id": "15", "object_repr": "profile14", "action_flag": 1, "change_message": "[{\"added\": {}}]"}}, {"model": "admin.logentry", "pk": 205, "fields": {"action_time": "2020-05-20T21:49:37.764Z", "user": 1, "content_type": 6, "object_id": "16", "object_repr": "profile15", "action_flag": 1, "change_message": "[{\"added\": {}}]"}}, {"model": "admin.logentry", "pk": 206, "fields": {"action_time": "2020-05-21T17:35:49.273Z", "user": 1, "content_type": 6, "object_id": "2", "object_repr": "test1", "action_flag": 2, "change_message": "[{\"changed\": {\"fields\": [\"photo\"]}}]"}}, {"model": "admin.logentry", "pk": 207, "fields": {"action_time": "2020-05-21T17:39:09.658Z", "user": 1, "content_type": 6, "object_id": "3", "object_repr": "test2", "action_flag": 2, "change_message": "[{\"changed\": {\"fields\": [\"photo\"]}}]"}}, {"model": "admin.logentry", "pk": 208, "fields": {"action_time": "2020-05-21T17:40:41.117Z", "user": 1, "content_type": 6, "object_id": "2", "object_repr": "test1", "action_flag": 2, "change_message": "[{\"changed\": {\"fields\": [\"photo\"]}}]"}}, {"model": "admin.logentry", "pk": 209, "fields": {"action_time": "2020-05-21T17:43:40.497Z", "user": 1, "content_type": 6, "object_id": "4", "object_repr": "test3", "action_flag": 2, "change_message": "[{\"changed\": {\"fields\": [\"photo\"]}}]"}}, {"model": "admin.logentry", "pk": 210, "fields": {"action_time": "2020-05-21T17:45:20.490Z", "user": 1, "content_type": 6, "object_id": "5", "object_repr": "test4", "action_flag": 2, "change_message": "[{\"changed\": {\"fields\": [\"photo\"]}}]"}}, {"model": "admin.logentry", "pk": 211, "fields": {"action_time": "2020-05-21T17:46:57.886Z", "user": 1, "content_type": 6, "object_id": "5", "object_repr": "test4", "action_flag": 2, "change_message": "[{\"changed\": {\"fields\": [\"photo\"]}}]"}}, {"model": "admin.logentry", "pk": 212, "fields": {"action_time": "2020-05-21T17:48:22.695Z", "user": 1, "content_type": 6, "object_id": "6", "object_repr": "test5", "action_flag": 2, "change_message": "[{\"changed\": {\"fields\": [\"photo\"]}}]"}}, {"model": "admin.logentry", "pk": 213, "fields": {"action_time": "2020-05-21T17:49:32.267Z", "user": 1, "content_type": 6, "object_id": "7", "object_repr": "test6", "action_flag": 2, "change_message": "[{\"changed\": {\"fields\": [\"photo\"]}}]"}}, {"model": "admin.logentry", "pk": 214, "fields": {"action_time": "2020-05-21T17:50:40.296Z", "user": 1, "content_type": 6, "object_id": "7", "object_repr": "test6", "action_flag": 2, "change_message": "[{\"changed\": {\"fields\": [\"photo\"]}}]"}}, {"model": "admin.logentry", "pk": 215, "fields": {"action_time": "2020-05-21T17:51:47.248Z", "user": 1, "content_type": 6, "object_id": "8", "object_repr": "profile7", "action_flag": 2, "change_message": "[{\"changed\": {\"fields\": [\"photo\"]}}]"}}, {"model": "admin.logentry", "pk": 216, "fields": {"action_time": "2020-05-21T17:53:12.536Z", "user": 1, "content_type": 6, "object_id": "9", "object_repr": "profile8", "action_flag": 2, "change_message": "[{\"changed\": {\"fields\": [\"photo\"]}}]"}}, {"model": "admin.logentry", "pk": 217, "fields": {"action_time": "2020-05-21T17:54:14.719Z", "user": 1, "content_type": 6, "object_id": "9", "object_repr": "profile8", "action_flag": 2, "change_message": "[{\"changed\": {\"fields\": [\"photo\"]}}]"}}, {"model": "admin.logentry", "pk": 218, "fields": {"action_time": "2020-05-21T17:54:42.708Z", "user": 1, "content_type": 6, "object_id": "9", "object_repr": "profile8", "action_flag": 2, "change_message": "[{\"changed\": {\"fields\": [\"photo\"]}}]"}}, {"model": "admin.logentry", "pk": 219, "fields": {"action_time": "2020-05-21T17:55:53.199Z", "user": 1, "content_type": 6, "object_id": "9", "object_repr": "profile8", "action_flag": 2, "change_message": "[{\"changed\": {\"fields\": [\"photo\"]}}]"}}, {"model": "admin.logentry", "pk": 220, "fields": {"action_time": "2020-05-21T17:56:50.828Z", "user": 1, "content_type": 6, "object_id": "10", "object_repr": "profile9", "action_flag": 2, "change_message": "[{\"changed\": {\"fields\": [\"photo\"]}}]"}}, {"model": "admin.logentry", "pk": 221, "fields": {"action_time": "2020-05-21T18:01:04.448Z", "user": 1, "content_type": 6, "object_id": "11", "object_repr": "profile10", "action_flag": 2, "change_message": "[{\"changed\": {\"fields\": [\"photo\"]}}]"}}, {"model": "admin.logentry", "pk": 222, "fields": {"action_time": "2020-05-21T18:01:58.632Z", "user": 1, "content_type": 6, "object_id": "12", "object_repr": "profile11", "action_flag": 2, "change_message": "[{\"changed\": {\"fields\": [\"photo\"]}}]"}}, {"model": "admin.logentry", "pk": 223, "fields": {"action_time": "2020-05-21T18:02:36.703Z", "user": 1, "content_type": 6, "object_id": "12", "object_repr": "profile11", "action_flag": 2, "change_message": "[{\"changed\": {\"fields\": [\"photo\"]}}]"}}, {"model": "admin.logentry", "pk": 224, "fields": {"action_time": "2020-05-21T18:03:20.433Z", "user": 1, "content_type": 6, "object_id": "12", "object_repr": "profile11", "action_flag": 2, "change_message": "[{\"changed\": {\"fields\": [\"photo\"]}}]"}}, {"model": "admin.logentry", "pk": 225, "fields": {"action_time": "2020-05-21T18:04:27.208Z", "user": 1, "content_type": 6, "object_id": "10", "object_repr": "profile9", "action_flag": 2, "change_message": "[{\"changed\": {\"fields\": [\"photo\"]}}]"}}, {"model": "admin.logentry", "pk": 226, "fields": {"action_time": "2020-05-21T18:07:22.894Z", "user": 1, "content_type": 6, "object_id": "12", "object_repr": "profile11", "action_flag": 2, "change_message": "[{\"changed\": {\"fields\": [\"photo\"]}}]"}}, {"model": "admin.logentry", "pk": 227, "fields": {"action_time": "2020-05-21T18:07:59.295Z", "user": 1, "content_type": 6, "object_id": "12", "object_repr": "profile11", "action_flag": 2, "change_message": "[{\"changed\": {\"fields\": [\"photo\"]}}]"}}, {"model": "admin.logentry", "pk": 228, "fields": {"action_time": "2020-05-21T18:08:39.183Z", "user": 1, "content_type": 6, "object_id": "12", "object_repr": "profile11", "action_flag": 2, "change_message": "[{\"changed\": {\"fields\": [\"photo\"]}}]"}}, {"model": "admin.logentry", "pk": 229, "fields": {"action_time": "2020-05-21T18:10:31.519Z", "user": 1, "content_type": 6, "object_id": "13", "object_repr": "profile12", "action_flag": 2, "change_message": "[{\"changed\": {\"fields\": [\"photo\"]}}]"}}, {"model": "admin.logentry", "pk": 230, "fields": {"action_time": "2020-05-21T18:11:24.169Z", "user": 1, "content_type": 6, "object_id": "13", "object_repr": "profile12", "action_flag": 2, "change_message": "[{\"changed\": {\"fields\": [\"photo\"]}}]"}}, {"model": "admin.logentry", "pk": 231, "fields": {"action_time": "2020-05-21T18:11:59.569Z", "user": 1, "content_type": 6, "object_id": "13", "object_repr": "profile12", "action_flag": 2, "change_message": "[{\"changed\": {\"fields\": [\"photo\"]}}]"}}, {"model": "admin.logentry", "pk": 232, "fields": {"action_time": "2020-05-21T18:13:17.055Z", "user": 1, "content_type": 6, "object_id": "14", "object_repr": "profile13", "action_flag": 2, "change_message": "[{\"changed\": {\"fields\": [\"photo\"]}}]"}}, {"model": "admin.logentry", "pk": 233, "fields": {"action_time": "2020-05-21T18:14:08.126Z", "user": 1, "content_type": 6, "object_id": "14", "object_repr": "profile13", "action_flag": 2, "change_message": "[{\"changed\": {\"fields\": [\"photo\"]}}]"}}, {"model": "admin.logentry", "pk": 234, "fields": {"action_time": "2020-05-21T18:14:58.409Z", "user": 1, "content_type": 6, "object_id": "14", "object_repr": "profile13", "action_flag": 2, "change_message": "[{\"changed\": {\"fields\": [\"photo\"]}}]"}}, {"model": "admin.logentry", "pk": 235, "fields": {"action_time": "2020-05-21T18:15:54.480Z", "user": 1, "content_type": 6, "object_id": "14", "object_repr": "profile13", "action_flag": 2, "change_message": "[{\"changed\": {\"fields\": [\"photo\"]}}]"}}, {"model": "admin.logentry", "pk": 236, "fields": {"action_time": "2020-05-21T18:16:43.904Z", "user": 1, "content_type": 6, "object_id": "14", "object_repr": "profile13", "action_flag": 2, "change_message": "[{\"changed\": {\"fields\": [\"photo\"]}}]"}}, {"model": "admin.logentry", "pk": 237, "fields": {"action_time": "2020-05-21T18:17:28.927Z", "user": 1, "content_type": 6, "object_id": "14", "object_repr": "profile13", "action_flag": 2, "change_message": "[{\"changed\": {\"fields\": [\"photo\"]}}]"}}, {"model": "admin.logentry", "pk": 238, "fields": {"action_time": "2020-05-21T18:17:59.007Z", "user": 1, "content_type": 6, "object_id": "14", "object_repr": "profile13", "action_flag": 2, "change_message": "[{\"changed\": {\"fields\": [\"photo\"]}}]"}}, {"model": "admin.logentry", "pk": 239, "fields": {"action_time": "2020-05-21T18:18:59.173Z", "user": 1, "content_type": 6, "object_id": "14", "object_repr": "profile13", "action_flag": 2, "change_message": "[{\"changed\": {\"fields\": [\"photo\"]}}]"}}, {"model": "admin.logentry", "pk": 240, "fields": {"action_time": "2020-05-21T18:20:41.575Z", "user": 1, "content_type": 6, "object_id": "15", "object_repr": "profile14", "action_flag": 2, "change_message": "[{\"changed\": {\"fields\": [\"photo\"]}}]"}}, {"model": "admin.logentry", "pk": 241, "fields": {"action_time": "2020-05-21T18:22:07.684Z", "user": 1, "content_type": 6, "object_id": "16", "object_repr": "profile15", "action_flag": 2, "change_message": "[{\"changed\": {\"fields\": [\"photo\"]}}]"}}, {"model": "admin.logentry", "pk": 242, "fields": {"action_time": "2020-05-22T15:30:16.956Z", "user": 1, "content_type": 6, "object_id": "13", "object_repr": "profile12", "action_flag": 2, "change_message": "[{\"changed\": {\"fields\": [\"photo\"]}}]"}}, {"model": "admin.logentry", "pk": 243, "fields": {"action_time": "2020-05-22T15:31:10.759Z", "user": 1, "content_type": 6, "object_id": "13", "object_repr": "profile12", "action_flag": 2, "change_message": "[{\"changed\": {\"fields\": [\"photo\"]}}]"}}, {"model": "admin.logentry", "pk": 244, "fields": {"action_time": "2020-05-22T15:32:06.566Z", "user": 1, "content_type": 6, "object_id": "13", "object_repr": "profile12", "action_flag": 2, "change_message": "[{\"changed\": {\"fields\": [\"photo\"]}}]"}}, {"model": "admin.logentry", "pk": 245, "fields": {"action_time": "2020-06-05T02:52:09.989Z", "user": 1, "content_type": 7, "object_id": "26", "object_repr": "InstantMessage object (26)", "action_flag": 1, "change_message": "[{\"added\": {}}]"}}, {"model": "admin.logentry", "pk": 246, "fields": {"action_time": "2020-06-05T02:53:37.297Z", "user": 1, "content_type": 7, "object_id": "27", "object_repr": "InstantMessage object (27)", "action_flag": 1, "change_message": "[{\"added\": {}}]"}}, {"model": "admin.logentry", "pk": 247, "fields": {"action_time": "2020-06-05T02:54:03.674Z", "user": 1, "content_type": 7, "object_id": "28", "object_repr": "InstantMessage object (28)", "action_flag": 1, "change_message": "[{\"added\": {}}]"}}, {"model": "admin.logentry", "pk": 248, "fields": {"action_time": "2020-06-20T13:16:30.821Z", "user": 1, "content_type": 8, "object_id": "131", "object_repr": "UserVote object (131)", "action_flag": 1, "change_message": "[{\"added\": {}}]"}}, {"model": "admin.logentry", "pk": 249, "fields": {"action_time": "2020-06-20T13:16:58.751Z", "user": 1, "content_type": 8, "object_id": "131", "object_repr": "UserVote object (131)", "action_flag": 2, "change_message": "[{\"changed\": {\"fields\": [\"voter\", \"vote\"]}}]"}}, {"model": "admin.logentry", "pk": 250, "fields": {"action_time": "2020-06-24T23:08:43.760Z", "user": 1, "content_type": 8, "object_id": "134", "object_repr": "UserVote object (134)", "action_flag": 1, "change_message": "[{\"added\": {}}]"}}, {"model": "admin.logentry", "pk": 251, "fields": {"action_time": "2020-06-24T23:22:00.944Z", "user": 1, "content_type": 8, "object_id": "135", "object_repr": "UserVote object (135)", "action_flag": 3, "change_message": ""}}, {"model": "admin.logentry", "pk": 252, "fields": {"action_time": "2020-06-24T23:22:00.955Z", "user": 1, "content_type": 8, "object_id": "134", "object_repr": "UserVote object (134)", "action_flag": 3, "change_message": ""}}, {"model": "admin.logentry", "pk": 253, "fields": {"action_time": "2020-06-24T23:22:06.901Z", "user": 1, "content_type": 8, "object_id": "136", "object_repr": "UserVote object (136)", "action_flag": 1, "change_message": "[{\"added\": {}}]"}}, {"model": "admin.logentry", "pk": 254, "fields": {"action_time": "2020-06-24T23:22:38.992Z", "user": 1, "content_type": 8, "object_id": "138", "object_repr": "UserVote object (138)", "action_flag": 1, "change_message": "[{\"added\": {}}]"}}, {"model": "admin.logentry", "pk": 255, "fields": {"action_time": "2020-06-24T23:28:18.478Z", "user": 1, "content_type": 8, "object_id": "140", "object_repr": "UserVote object (140)", "action_flag": 1, "change_message": "[{\"added\": {}}]"}}, {"model": "admin.logentry", "pk": 256, "fields": {"action_time": "2020-06-24T23:28:45.508Z", "user": 1, "content_type": 8, "object_id": "142", "object_repr": "UserVote object (142)", "action_flag": 1, "change_message": "[{\"added\": {}}]"}}, {"model": "admin.logentry", "pk": 257, "fields": {"action_time": "2020-06-24T23:29:16.938Z", "user": 1, "content_type": 8, "object_id": "144", "object_repr": "UserVote object (144)", "action_flag": 1, "change_message": "[{\"added\": {}}]"}}, {"model": "admin.logentry", "pk": 258, "fields": {"action_time": "2020-07-01T23:11:41.709Z", "user": 1, "content_type": 7, "object_id": "29", "object_repr": "InstantMessage object (29)", "action_flag": 1, "change_message": "[{\"added\": {}}]"}}, {"model": "admin.logentry", "pk": 259, "fields": {"action_time": "2020-07-02T15:46:45.662Z", "user": 1, "content_type": 6, "object_id": "10", "object_repr": "profile9", "action_flag": 2, "change_message": "[{\"changed\": {\"fields\": [\"photo\"]}}]"}}, {"model": "admin.logentry", "pk": 260, "fields": {"action_time": "2020-07-02T15:48:21.647Z", "user": 1, "content_type": 6, "object_id": "10", "object_repr": "profile9", "action_flag": 2, "change_message": "[{\"changed\": {\"fields\": [\"photo\"]}}]"}}, {"model": "admin.logentry", "pk": 261, "fields": {"action_time": "2020-07-02T17:38:03.994Z", "user": 1, "content_type": 6, "object_id": "7", "object_repr": "test6", "action_flag": 2, "change_message": "[{\"changed\": {\"fields\": [\"photo\"]}}]"}}, {"model": "admin.logentry", "pk": 262, "fields": {"action_time": "2020-07-02T17:38:42.873Z", "user": 1, "content_type": 6, "object_id": "7", "object_repr": "test6", "action_flag": 2, "change_message": "[{\"changed\": {\"fields\": [\"photo\"]}}]"}}, {"model": "admin.logentry", "pk": 263, "fields": {"action_time": "2020-07-02T17:38:56.620Z", "user": 1, "content_type": 6, "object_id": "7", "object_repr": "test6", "action_flag": 2, "change_message": "[{\"changed\": {\"fields\": [\"photo\"]}}]"}}, {"model": "admin.logentry", "pk": 264, "fields": {"action_time": "2020-07-02T17:40:25.272Z", "user": 1, "content_type": 6, "object_id": "10", "object_repr": "profile9", "action_flag": 2, "change_message": "[{\"changed\": {\"fields\": [\"photo\"]}}]"}}, {"model": "admin.logentry", "pk": 265, "fields": {"action_time": "2020-07-02T17:41:04.091Z", "user": 1, "content_type": 6, "object_id": "10", "object_repr": "profile9", "action_flag": 2, "change_message": "[{\"changed\": {\"fields\": [\"photo\"]}}]"}}, {"model": "admin.logentry", "pk": 266, "fields": {"action_time": "2020-07-02T17:41:20.979Z", "user": 1, "content_type": 6, "object_id": "10", "object_repr": "profile9", "action_flag": 2, "change_message": "[{\"changed\": {\"fields\": [\"photo\"]}}]"}}, {"model": "admin.logentry", "pk": 267, "fields": {"action_time": "2020-07-02T17:49:15.903Z", "user": 1, "content_type": 6, "object_id": "10", "object_repr": "profile9", "action_flag": 2, "change_message": "[{\"changed\": {\"fields\": [\"photo\"]}}]"}}, {"model": "admin.logentry", "pk": 268, "fields": {"action_time": "2020-07-02T17:50:21.901Z", "user": 1, "content_type": 6, "object_id": "7", "object_repr": "test6", "action_flag": 2, "change_message": "[{\"changed\": {\"fields\": [\"photo\"]}}]"}}, {"model": "admin.logentry", "pk": 269, "fields": {"action_time": "2020-07-02T19:58:36.059Z", "user": 1, "content_type": 6, "object_id": "7", "object_repr": "test6", "action_flag": 2, "change_message": "[{\"changed\": {\"fields\": [\"photo\"]}}]"}}, {"model": "admin.logentry", "pk": 270, "fields": {"action_time": "2020-07-02T19:59:04.613Z", "user": 1, "content_type": 6, "object_id": "7", "object_repr": "test6", "action_flag": 2, "change_message": "[{\"changed\": {\"fields\": [\"photo\"]}}]"}}]